FIPS,County,Mobility and Infrastructure Score
2180,180,100.0
2188,188,98.4754435213893
2230,230,98.00346525320396
2050,50,97.46715531857632
2013,13,96.89859060582233
2016,16,96.74303800846182
2164,164,96.12485574611712
2282,282,95.77657175735179
2070,70,95.36222311865927
2185,185,95.31960609991349
2150,150,94.51876245661852
2195,195,94.47095596094867
2275,275,93.73230631290281
15005,5,93.09431282338556
2060,60,92.83910821459531
2220,220,92.79217441684506
25019,19,90.04750448200964
46065,65,89.72012453108238
31017,17,89.6747530352109
48301,301,89.1089918248755
20193,193,88.79187987406367
20137,137,88.49337938641041
31145,145,88.46096214696274
8057,57,88.3169727322942
56043,43,88.17874090981877
19167,167,88.12408939790778
2290,290,88.03728181064116
31013,13,88.02088090328925
46013,13,88.01430343184367
48205,205,87.75453531988573
20051,51,87.72317177994228
35028,28,87.49856839732037
8053,53,87.29623150327556
46117,117,87.01780776935811
30017,17,86.97948850857925
35011,11,86.84789955355468
40025,25,86.80718055809982
46035,35,86.68068015142177
2100,100,86.47771751526534
2130,130,86.45252792676027
20153,153,86.41291218407412
53055,55,86.30738209535915
30041,41,86.14161412388887
30019,19,85.92741513350695
27149,149,85.75376038046397
31119,119,85.64826754840409
46011,11,85.58225360259311
46105,105,85.55267827507721
2110,110,85.53325605448768
40065,65,85.52152286903653
20055,55,85.40042107806083
30093,93,85.17838364243144
20071,71,85.11547882111586
30091,91,85.09718010351263
56001,1,85.03218570771007
48377,377,85.02870572154887
20057,57,84.90562985728846
38001,1,84.86824700755211
20123,123,84.83959377949398
31157,157,84.82593158020045
31185,185,84.8007289601757
13053,53,84.77122674089347
27113,113,84.75021081318226
30101,101,84.69764376210871
49019,19,84.64247685035524
38071,71,84.60497749882883
31169,169,84.5977673418205
30025,25,84.43591964618193
20151,151,84.43550025562355
8003,3,84.37741137823836
51678,678,84.33226753213508
31029,29,84.32950907370295
31149,149,84.32933873300884
38031,31,84.30487759363014
49017,17,84.29982274033097
25007,7,84.27146575502826
46005,5,84.2526528277571
20175,175,84.23947711159919
31031,31,84.18813259457876
46123,123,84.12309113669859
48441,441,84.11172005522921
2240,240,84.00902857122624
27083,83,83.94942305589456
38069,69,83.83454611041867
46107,107,83.8196933825061
20141,141,83.81138124417501
46135,135,83.78073683025427
46029,29,83.75100638105502
19027,27,83.66185663264585
20183,183,83.64824141110572
20181,181,83.58310195123588
56017,17,83.47566547853505
31069,69,83.47146075743306
19101,101,83.47122871740277
53003,3,83.43490649471904
8009,9,83.38233874954292
31071,71,83.37170122643738
38051,51,83.3658174240943
30071,71,83.33194215328584
31101,101,83.3130659312351
31175,175,83.30943173370599
20203,203,83.28322395136063
20169,169,83.27902670226835
20179,179,83.2015035210212
46129,129,83.16867979375156
48485,485,83.14942774916602
38035,35,83.1426740207983
38019,19,83.13622704774207
31057,57,83.11675396271278
46023,23,83.11128068888121
48487,487,82.96730610961805
31141,141,82.91337065371899
19013,13,82.87623358752543
20187,187,82.860843345494
38015,15,82.78718378769673
19021,21,82.70205621749774
48275,275,82.66182397985636
20067,67,82.64857971009013
35037,37,82.63074085120324
20097,97,82.53319946912075
30105,105,82.46542846447088
31079,79,82.44419553865565
29001,1,82.40549080744994
38101,101,82.36204232261848
8099,99,82.34863284124725
56007,7,82.29894431603894
6015,15,82.27721208951318
56039,39,82.19073242196191
27103,103,82.1799851665832
56025,25,82.14121747559436
8017,17,82.12315049338609
51680,680,82.09024753800172
19033,33,82.02720737807742
20009,9,82.00488173792023
46085,85,81.99449194253928
30069,69,81.98714734634129
49021,21,81.95793443234277
20131,131,81.93049707212425
8063,63,81.92733706061192
56021,21,81.92160496069324
27015,15,81.91486439680097
20135,135,81.84919705212785
20033,33,81.84746482755074
19061,61,81.81375789543516
38011,11,81.8020485161723
20161,161,81.79849345372092
56031,31,81.75994807171293
31111,111,81.72927069765494
27109,109,81.68656196038928
38017,17,81.6657550955258
16059,59,81.63375205954702
20163,163,81.63197264040033
35009,9,81.598774406895
38089,89,81.59394749481902
31043,43,81.59265021207557
26061,61,81.53169606366201
31033,33,81.52966141159897
48443,443,81.49336604449076
53071,71,81.40313318569999
16085,85,81.30909835078592
20065,65,81.30697017981045
31089,89,81.30692843261158
49041,41,81.28413275829067
31019,19,81.27488323195719
20113,113,81.26953167013998
49025,25,81.26029870568232
30013,13,81.16052069583317
20023,23,81.13547590807997
51660,660,81.1324796987776
31001,1,81.11348413087956
38093,93,81.11137766459905
20007,7,81.04986455167148
20167,167,81.02057402786923
38023,23,81.02036481632955
48303,303,81.01719843711072
27071,71,80.97864921887552
38039,39,80.88722854016113
48269,269,80.8339363261185
27033,33,80.81419774113327
27155,155,80.80159432399563
20147,147,80.79925161411691
41037,37,80.75495272039043
46099,99,80.70238315801413
8077,77,80.64370273815233
30087,87,80.61176126362895
8125,125,80.56233565816223
48111,111,80.51029362452489
16067,67,80.49027720663766
31135,135,80.40919091709317
20195,195,80.39841158359843
46103,103,80.35539506854116
30049,49,80.3509024318245
41063,63,80.33450438944611
31137,137,80.31375396497847
8079,79,80.3128261596834
38105,105,80.19457639343027
26007,7,80.18278768831793
20111,111,80.16277057849935
30021,21,80.15415647068383
20101,101,80.13875606297091
8075,75,80.12731923185979
56027,27,80.09191194251076
19189,189,80.07412347647406
46051,51,80.03451691004345
48451,451,80.01629155773735
31179,179,80.00868634379317
48197,197,79.95400004233544
31045,45,79.9473878374801
46053,53,79.92533276512209
19059,59,79.89866851101264
40151,151,79.897045517984
48435,435,79.87255456630285
48043,43,79.86974015209246
20189,189,79.85587743414251
41061,61,79.84263115236567
27091,91,79.82558757126392
30031,31,79.81126096196289
53075,75,79.8021563853358
8095,95,79.80184315201254
56033,33,79.80168064631725
31047,47,79.75261899012642
16005,5,79.74250049226235
20171,171,79.7362555554718
18157,157,79.73448319619611
20037,37,79.70338612190598
16031,31,79.69726224050252
2198,198,79.67975911030042
8103,103,79.65998991136661
20133,133,79.65895528793517
16069,69,79.65735764233503
19145,145,79.65179934471566
46021,21,79.63682062977804
20145,145,79.58738221955676
30033,33,79.57698314188434
19193,193,79.57481438061299
48385,385,79.52156724107836
49053,53,79.51902117468671
8111,111,79.46916066983577
48109,109,79.45485850776669
19057,57,79.44994065488855
5005,5,79.41669711273974
27013,13,79.41523968222542
48069,69,79.40789587755668
38103,103,79.4060506760613
26095,95,79.3841980190285
8015,15,79.36804126168886
35051,51,79.36515952178613
40047,47,79.33885354629912
51540,540,79.3295895691857
26043,43,79.32023040022223
19191,191,79.31139785399188
41001,1,79.2970475475367
20093,93,79.27324046742366
20061,61,79.23825104383094
30111,111,79.22015783082489
17001,1,79.20220159984875
49005,5,79.18493853967536
56029,29,79.15340387748005
42023,23,79.13318080037558
55035,35,79.13235073485491
30005,5,79.1264285484065
30063,63,79.10137645380952
30027,27,79.08884518271906
48465,465,79.08313694892273
20029,29,79.08020051388448
21145,145,79.03628983512047
17019,19,79.01093424503233
46015,15,79.00486986973536
19093,93,78.9878118694077
20177,177,78.94548297054018
27063,63,78.9372602634544
35007,7,78.93637097665817
51640,640,78.92994998259542
46069,69,78.92790337751498
27023,23,78.91729876335522
30001,1,78.90226022745193
48087,87,78.89610336796305
6027,27,78.88414941097759
46073,73,78.88133643712675
40071,71,78.84163217477325
27127,127,78.83707047550939
40031,31,78.83088494398582
38079,79,78.82594344653842
38095,95,78.81183846264388
49007,7,78.76656409669721
30103,103,78.74716314897066
40039,39,78.7280848099747
55117,117,78.7101193148934
55003,3,78.69549453379518
17049,49,78.68869896402929
31065,65,78.61395317200244
48041,41,78.56800657477312
27031,31,78.54420351246904
51750,750,78.52904666787568
20075,75,78.50968871485998
29019,19,78.507075154718
26013,13,78.48814097139095
4012,12,78.45539308737632
20069,69,78.45062885214674
31171,171,78.44753671037687
46071,71,78.42960600271576
48503,503,78.42399466550923
19197,197,78.4121133566151
40139,139,78.38235055015777
48415,415,78.38067038603492
27067,67,78.37770267975664
46091,91,78.36796612316762
48263,263,78.32519606590179
31105,105,78.3010617089341
27073,73,78.28239348228452
29147,147,78.27667821998384
16083,83,78.27213630447231
31011,11,78.25577212603453
19109,109,78.25213186872432
38057,57,78.25063288440208
27117,117,78.21545608008967
41025,25,78.19799343859285
20119,119,78.19177131764205
51530,530,78.17689856010765
38073,73,78.14962218136895
30053,53,78.11717087446482
18037,37,78.10366723725477
8117,117,78.0684886321932
31059,59,78.0188160413034
17109,109,77.98844434564532
27105,105,77.98239718745417
20199,199,77.98051198862828
51720,720,77.97836251734465
27041,41,77.96058906890036
27011,11,77.95578778046726
20063,63,77.90228072437493
17115,115,77.89081663766709
20129,129,77.88504360672076
41021,21,77.87384335434966
56013,13,77.87047068190769
46007,7,77.86032291049277
20013,13,77.83361596957215
20109,109,77.83222229146436
19041,41,77.81300847818171
38021,21,77.80354931209487
19175,175,77.79195892170709
48341,341,77.78451609445854
30051,51,77.72282099575399
48017,17,77.70227148551015
20125,125,77.69912001800972
29097,97,77.66855038866368
55009,9,77.65294536273574
48369,369,77.6481047321414
38081,81,77.6323903625274
48023,23,77.62798033528868
46041,41,77.616269992223
46059,59,77.61182664128424
29127,127,77.5893349308444
56003,3,77.5665588365341
16065,65,77.56554118613826
19029,29,77.55834580627908
55063,63,77.5506643520397
19113,113,77.54577094499186
30035,35,77.5418671638556
2090,90,77.52446641566124
51775,775,77.51984873604066
39063,63,77.51670118031926
40009,9,77.47674901215967
31039,39,77.47444217984119
19187,187,77.4698990637553
49027,27,77.46448802517789
20025,25,77.41018987656261
38067,67,77.39851882773262
48375,375,77.38267681751705
31109,109,77.35741034094394
40123,123,77.35006655589108
16013,13,77.33656331440122
38099,99,77.33562045230995
29195,195,77.33211314772817
30085,85,77.31007315479258
48463,463,77.2948101482821
20117,117,77.25279499346895
39149,149,77.25018884485382
39011,11,77.23625697858834
32033,33,77.21912642525993
19147,147,77.20804726388255
51580,580,77.16136381183992
48207,207,77.13222595605198
20001,1,77.1231223911123
17113,113,77.104461336859
46017,17,77.09765632865593
48049,49,77.09697810883755
29051,51,77.09587553015064
46049,49,77.08876895084674
19047,47,77.06849432349094
17033,33,77.0631951406709
49009,9,77.04658110085273
19035,35,77.03800636658796
55073,73,77.037185730464
31127,127,77.00134890656436
46083,83,76.99985389426061
19163,163,76.98400511695581
46081,81,76.98075214539824
17167,167,76.9784193162129
20099,99,76.97219463294196
5031,31,76.95022460043484
35005,5,76.93243658847204
41035,35,76.91829951721556
26053,53,76.83813638081651
6051,51,76.82611027419767
31129,129,76.8246381372501
32021,21,76.82432498739257
19111,111,76.79565190755339
46115,115,76.74515086390164
48353,353,76.7309053151261
17029,29,76.65751766587017
46109,109,76.65433575358051
27135,135,76.63328413570831
36007,7,76.61885277288474
41015,15,76.5915674156778
31015,15,76.58161206317783
55029,29,76.5698339605979
51520,520,76.51060735132036
46075,75,76.50185933905259
40119,119,76.49558737636282
17143,143,76.49120707997317
48357,357,76.48294978571911
27169,169,76.47649484892524
48371,371,76.43456292318666
27027,27,76.42653935018312
48381,381,76.42097974606557
42047,47,76.3875128266279
16029,29,76.37780156695547
17159,159,76.36709833863054
36015,15,76.35763244386652
20173,173,76.34979844883195
48449,449,76.33949154351374
55139,139,76.33749711579182
2105,105,76.30615663959514
20081,81,76.28910507741276
6023,23,76.26062777404302
27119,119,76.24253319072636
48191,191,76.23700671661065
48117,117,76.2130067005109
2020,20,76.19720161448592
16019,19,76.1916047977006
29021,21,76.18871039865579
27077,77,76.13976872490056
51121,121,76.12455271475375
19063,63,76.0815641726061
31041,41,76.08115146310132
48115,115,76.03683821086827
27147,147,76.01575504233384
35041,41,76.00672082631196
13069,69,75.99582927238413
48307,307,75.99472318886923
56019,19,75.98938232870604
8115,115,75.98028258326534
49001,1,75.97074634132154
29117,117,75.96002226990191
13185,185,75.9247723878947
6049,49,75.89760791737727
19161,161,75.89736879417865
19103,103,75.88622202475139
6089,89,75.8793171016886
13081,81,75.859270017121
31037,37,75.84683666668532
35019,19,75.84079527994513
32015,15,75.83249746182663
19141,141,75.81406240592992
29023,23,75.81246852693369
13095,95,75.8066704790585
8061,61,75.79771221729511
19123,123,75.7788949265467
21035,35,75.75933288387168
48277,277,75.75771498344712
19153,153,75.74139353665934
41023,23,75.7359216696078
55078,78,75.73296456302852
41029,29,75.71813150460741
48189,189,75.7046196649706
46067,67,75.68447301958898
46055,55,75.67767770160664
35059,59,75.67683988134294
26103,103,75.65396814849966
49047,47,75.61334694521038
31003,3,75.60430314085971
17161,161,75.55331282955555
2068,68,75.5271377305888
36109,109,75.49802214460382
20155,155,75.49480673239472
18105,105,75.47521151389157
41065,65,75.47365396521354
29031,31,75.4561241603738
16077,77,75.4477030624255
18167,167,75.43233871905286
48507,507,75.42709180414528
38045,45,75.41208270594714
49055,55,75.36985235305359
13059,59,75.34582014893265
23013,13,75.34449676344417
21227,227,75.34305810892076
40153,153,75.32624422923419
56005,5,75.32087695461746
47113,113,75.30395156454048
48047,47,75.29100201636948
20077,77,75.28119533764345
46079,79,75.26849082000324
29159,159,75.26254919831071
54107,107,75.24440696592544
29161,161,75.20850314468241
5131,131,75.2052986277927
20157,157,75.19579595069965
19127,127,75.17946369988675
26041,41,75.1659692458363
55125,125,75.16452483177211
39003,3,75.11921537900228
19087,87,75.09446721584465
4005,5,75.09388578193986
19143,143,75.08382377272042
23003,3,75.0822107841411
19169,169,75.0778033481438
48433,433,75.06706979735613
53007,7,75.06059505513801
30059,59,75.05696018960255
48295,295,75.01899780807507
19091,91,75.00946639776792
19069,69,74.98057034724582
30083,83,74.98036435181554
55071,71,74.96528330245013
30073,73,74.94452812429131
56015,15,74.92031470652007
41045,45,74.87638877983265
18163,163,74.86909027137787
38003,3,74.83810523476933
30107,107,74.83770751817603
46043,43,74.81508515178484
41003,3,74.79947854103968
13127,127,74.77055288175865
55097,97,74.76232515838505
19139,139,74.7402934402059
31055,55,74.71154410740444
20205,205,74.70600100970333
48153,153,74.69114201099606
19179,179,74.66984187984733
55141,141,74.66668483635526
6035,35,74.64650680548378
36045,45,74.6100252230711
18067,67,74.60743820707418
38059,59,74.5986922770852
20089,89,74.59444995260624
5001,1,74.5872808392558
12037,37,74.58407220611136
20039,39,74.57106376960934
36013,13,74.56555270567453
28083,83,74.56090937034402
26105,105,74.55888248901465
51690,690,74.5039557173842
38091,91,74.46272738205185
56041,41,74.45714401218501
55087,87,74.45434533488591
39171,171,74.43252090106904
38029,29,74.43242016639891
36067,67,74.42954325748313
28105,105,74.42934972390822
48345,345,74.42524248484519
55085,85,74.41821337510969
28001,1,74.40166081988355
27047,47,74.40147964605899
31091,91,74.37542379931972
48265,265,74.37325077311783
41027,27,74.34973502445176
48179,179,74.32478487720186
41059,59,74.32097895493929
28151,151,74.30757910392902
48165,165,74.3067238331036
35029,29,74.30624971315612
27007,7,74.28950922827838
48279,279,74.27466028283031
29077,77,74.26968828033854
48323,323,74.2271008780667
31085,85,74.1845267939051
31081,81,74.18443152733087
8089,89,74.17563244113673
21047,47,74.16937886623028
8071,71,74.15787129108608
20053,53,74.13644735736344
48329,329,74.12480700767404
30079,79,74.12361336807186
31107,107,74.12269784511689
46127,127,74.1222388642267
41017,17,74.09155399759365
35017,17,74.08654884232755
40007,7,74.0856235734326
13277,277,74.07930235465867
48195,195,74.07769526474578
19009,9,74.07440666262313
12087,87,74.07137235460837
38005,5,74.06892706959329
46097,97,74.04988904069664
26073,73,74.0483117025138
41011,11,74.03957564896325
18039,39,74.03482896545219
40143,143,74.03468395399543
17195,195,74.018364185992
32017,17,73.99849336253018
13215,215,73.9934053495918
29005,5,73.98945324904263
40057,57,73.97411684671496
48389,389,73.96819069226368
51830,830,73.96646496403233
5139,139,73.9562986194798
41039,39,73.92319608269773
30055,55,73.9138838036818
19119,119,73.90800239644312
31073,73,73.86355694753742
27137,137,73.85264565852331
48211,211,73.84731552134983
40055,55,73.83983713924789
48347,347,73.83624894693871
26033,33,73.81768758410725
42049,49,73.79901305106257
4015,15,73.75459777001328
6093,93,73.7512979764584
13017,17,73.73634131050365
36033,33,73.72284494705445
55037,37,73.70682428843136
42081,81,73.69767136122138
22061,61,73.69558744146191
19081,81,73.68693041949544
28081,81,73.68634101823098
18005,5,73.67489467123637
5009,9,73.65336512342951
39107,107,73.64249673505584
46063,63,73.64139076863272
50003,3,73.60299665670392
53017,17,73.57888679296597
30109,109,73.57885507554423
38097,97,73.55703624126528
18177,177,73.55317512055124
48309,309,73.55135939615393
35015,15,73.5269206122963
48183,183,73.5145894765945
53077,77,73.50382185296476
28071,71,73.48873539107706
48005,5,73.4544531169036
38033,33,73.42838604391277
5063,63,73.40184652085527
19157,157,73.4018289146471
26047,47,73.38847658228008
28087,87,73.38370456922041
31153,153,73.38252318690925
21059,59,73.38132478030595
17009,9,73.35538971220552
36055,55,73.34436023784822
46027,27,73.33764463611082
19165,165,73.29918855091975
46077,77,73.2911789944154
38041,41,73.28994731687438
46093,93,73.27790084117142
17095,95,73.2595338413324
5071,71,73.25318007234742
51590,590,73.24435103181138
26055,55,73.24304172415896
31077,77,73.21388453363622
20047,47,73.19893469402756
48233,233,73.17770715419202
48045,45,73.165866652379
26137,137,73.16355592659392
48355,355,73.16203089660387
48227,227,73.16163021536786
27173,173,73.15495607795103
53025,25,73.04904090158504
51770,770,73.03520541101591
8007,7,73.01911501004898
31095,95,72.99061956797394
31099,99,72.97644981502597
22035,35,72.97354273149604
32009,9,72.95211401335648
29155,155,72.94685991375734
36019,19,72.9177799533423
46119,119,72.89905144706604
37055,55,72.89502891608673
32011,11,72.89065929961204
21073,73,72.87261149901322
39043,43,72.87017008319413
16039,39,72.86679119783723
8097,97,72.8594606779459
48271,271,72.84424572955135
19083,83,72.84369945471079
8085,85,72.84344024605672
5113,113,72.81588004957769
19137,137,72.77475336637373
21067,67,72.76139177014468
29091,91,72.75924218439818
26077,77,72.74867570990004
27167,167,72.74662307932486
8105,105,72.72139556043051
42119,119,72.70887035966382
55005,5,72.70795290606276
19151,151,72.70771749432531
38061,61,72.69960238864356
56037,37,72.69925840806192
2122,122,72.68899264805778
39161,161,72.67158082116401
27165,165,72.66677702022271
27151,151,72.66631726328269
22101,101,72.6550009472719
28075,75,72.65038726889212
40011,11,72.64316187886011
48037,37,72.63498876932351
47131,131,72.61904819364136
48057,57,72.60953322286005
46003,3,72.57583362181144
31027,27,72.57143914402943
22019,19,72.56969181237429
39139,139,72.5655475308846
29201,201,72.5531940401924
46047,47,72.54010892430519
18083,83,72.52590265506912
28043,43,72.50794184623062
37129,129,72.5011380809877
31083,83,72.4708813858377
27129,129,72.45433898561204
31161,161,72.44841194642846
26065,65,72.44300810486156
5007,7,72.43408011422223
17081,81,72.42144516861283
8113,113,72.41034975962314
8087,87,72.38770678810653
41007,7,72.36863540435266
48273,273,72.34951146008713
17077,77,72.34607450142147
31183,183,72.34554366793677
26029,29,72.33871323935854
5041,41,72.32150373747915
26025,25,72.32055131492979
20031,31,72.28269468234372
35025,25,72.26569468132136
26021,21,72.24404384709568
5107,107,72.21482993432858
47045,45,72.21241685129608
19149,149,72.20298238883852
13299,299,72.20294601038016
38009,9,72.18883877785136
16001,1,72.18516957217967
39039,39,72.18357391748073
53009,9,72.18114132803305
16057,57,72.16241071226426
48243,243,72.14214739394176
31087,87,72.13999849966217
46121,121,72.13740062830463
18003,3,72.1248530883057
27121,121,72.08291920753955
53047,47,72.06478535517317
26153,153,72.0606727532503
27161,161,72.05873790785841
49015,15,72.05581375762674
12123,123,72.05531003865183
42069,69,72.03613600928017
38027,27,72.02411170268137
42013,13,72.0160320162879
42093,93,71.98733941090696
26071,71,71.96703261894619
19065,65,71.86579354957804
17187,187,71.84089934586602
27099,99,71.83588094227179
40003,3,71.82688907004116
30029,29,71.82605927366424
20201,201,71.81946258180969
39095,95,71.8027218196908
37021,21,71.76634187458836
28035,35,71.76311328207704
22073,73,71.75305916035916
46089,89,71.71867872424453
42123,123,71.71845539395562
16087,87,71.71247723244397
18053,53,71.7081586040244
55039,39,71.7064263460863
48317,317,71.6963474103839
53001,1,71.69370163187075
22065,65,71.6925716392621
39143,143,71.68633053122346
20035,35,71.68161392281372
19079,79,71.67783720059853
19067,67,71.63724589258953
31147,147,71.63497471495437
48421,421,71.6347260099387
39173,173,71.63451187617181
5115,115,71.63330622045846
28011,11,71.61557544259253
36065,65,71.61455598049949
19003,3,71.60357490402995
47141,141,71.57658186633495
40121,121,71.56041868687079
27145,145,71.5514777319312
16053,53,71.53897730699266
20185,185,71.51998852277414
17137,137,71.51660851353999
13275,275,71.49812947493608
41041,41,71.49440741232162
6083,83,71.47531686766577
31053,53,71.47488246332013
38083,83,71.46586330859381
26139,139,71.46488446931168
17011,11,71.45850938274229
38053,53,71.44917828044552
54069,69,71.44501585943496
19131,131,71.43664747190363
4011,11,71.43229235914522
55081,81,71.38014880951256
5093,93,71.37977895965037
45047,47,71.3600552038875
19055,55,71.33166434348112
31143,143,71.33069704937105
41019,19,71.31958752999661
39169,169,71.31450690482643
21075,75,71.28144478493228
8083,83,71.26823674288102
55051,51,71.26782725426148
20011,11,71.24942576824763
17121,121,71.24596044388416
48245,245,71.2436162243255
38037,37,71.23924642631424
38047,47,71.22731836840109
1101,101,71.22232201129019
8073,73,71.21678368889339
20083,83,71.19695130290873
49039,39,71.17989236150275
20091,91,71.179399321317
4027,27,71.17828522193643
28133,133,71.17615311647556
47179,179,71.13881134693793
31173,173,71.12981151753863
48429,429,71.12389653850373
48155,155,71.07955829840769
35053,53,71.07938498055222
18085,85,71.0732917406135
32510,510,71.06618679312356
53021,21,71.05482924125975
6079,79,71.04351427597996
48143,143,71.03161471818935
48075,75,71.02574530547207
21053,53,71.02225862625325
5091,91,71.01495265876359
16003,3,70.9792340036369
8051,51,70.97520861198802
17045,45,70.969894069542
55075,75,70.95330755697438
47079,79,70.9474601729808
5119,119,70.94568749311166
1069,69,70.94088556363022
26081,81,70.94039751629913
41057,57,70.93294117797869
21021,21,70.92997068346251
5103,103,70.92344465433766
32031,31,70.9225824986192
13313,313,70.91422271511463
30097,97,70.90297587406647
5143,143,70.90232628681929
46045,45,70.90090998908038
37173,173,70.89689871471245
31067,67,70.88425481519313
23029,29,70.88314146131142
51820,820,70.87819147369805
48477,477,70.82359625656579
31133,133,70.80544282908464
17183,183,70.80203784678069
29079,79,70.79480497151036
51595,595,70.7861540017742
38085,85,70.75495694779951
37189,189,70.75194076630683
18141,141,70.74941545787028
48033,33,70.74241770841142
5015,15,70.73307386036956
5027,27,70.731583232961
24001,1,70.72832775177199
51840,840,70.72469334718612
16049,49,70.68572445107986
47063,63,70.64936380086546
19017,17,70.63994680820947
17179,179,70.63257183348068
55113,113,70.62516935731742
26063,63,70.6131038912028
22017,17,70.59446309190453
8107,107,70.59072518789276
29133,133,70.57293585550896
18033,33,70.57272376507058
20105,105,70.5706592520715
28025,25,70.54274571843574
55025,25,70.53748208946334
55119,119,70.5330092376069
19037,37,70.53295078822653
29217,217,70.52165438661757
46037,37,70.51996903053353
55099,99,70.49201971851697
46025,25,70.49178394126326
42083,83,70.47789704727585
27159,159,70.47328888792518
36001,1,70.47189678935948
18035,35,70.45999031602373
21019,19,70.44611336506416
51790,790,70.44603846876838
39175,175,70.397562689729
21217,217,70.39200153274824
4023,23,70.3844409220301
25003,3,70.37528502796334
35035,35,70.36107125877032
5017,17,70.32580074342142
33007,7,70.32135377947787
4007,7,70.31250380096313
46019,19,70.30717014300731
37095,95,70.2684773825416
39057,57,70.2508749883327
40137,137,70.24421250079502
5019,19,70.23346327546714
20159,159,70.23319379101063
32001,1,70.22023353120449
31139,139,70.2179830970721
36089,89,70.21529891269545
40059,59,70.17450076561646
27043,43,70.1593084767164
37147,147,70.15895230776891
19155,155,70.15547000596122
8121,121,70.13583030909915
42041,41,70.12221587993048
55015,15,70.09395000648253
39109,109,70.08533744347541
12073,73,70.08147310999186
29143,143,70.07199802797642
8011,11,70.06026441179742
42027,27,70.03989656478863
17201,201,70.02010474894116
6045,45,70.01407045724622
16021,21,69.97971086639238
6007,7,69.96645832245281
53005,5,69.96617783278319
12061,61,69.96209565991136
35027,27,69.95512346773208
4003,3,69.95360171981947
22079,79,69.95211395289768
27035,35,69.95104641208923
48505,505,69.9506347468436
6025,25,69.93791883919562
39147,147,69.92705714122931
48383,383,69.91834612601188
26109,109,69.91065150601716
29105,105,69.89478937515862
42085,85,69.89456201605347
53073,73,69.88451722290682
19045,45,69.87934164311696
19159,159,69.85735802766852
31049,49,69.83876127939261
19025,25,69.81207799677615
13261,261,69.77882910796498
27087,87,69.77855449276481
19049,49,69.75739721730953
48105,105,69.75098621235284
16011,11,69.74482697975753
28149,149,69.74172935694264
5043,43,69.72232561080955
48247,247,69.72067779763968
42037,37,69.71070350585747
31167,167,69.70329581395282
50007,7,69.70131518933952
16075,75,69.7012532720674
21101,101,69.6796415725894
20021,21,69.67743773884627
26121,121,69.64165518007131
29173,173,69.62542777704368
17177,177,69.61051108467946
27111,111,69.6071258992434
40147,147,69.60655384464208
47163,163,69.60099522295315
16047,47,69.59343730261958
40103,103,69.58864365515528
1081,81,69.58049933665606
5061,61,69.57756550091155
48061,61,69.55284156410487
16009,9,69.54186703618875
18017,17,69.52440134340361
31121,121,69.50855073146546
16023,23,69.5053007478724
31009,9,69.50345216099379
21213,213,69.49891096303067
40045,45,69.49386610096022
29007,7,69.49329836422031
16043,43,69.45643066904306
53037,37,69.45389132755099
37067,67,69.44901763870432
30047,47,69.44164449061802
1089,89,69.43158589666409
35023,23,69.42958414143379
29169,169,69.39971921599108
41033,33,69.38884627696764
39113,113,69.3843716401595
54039,39,69.37088583970527
29115,115,69.36829932550428
8067,67,69.35051775862374
26039,39,69.34914432841484
13257,257,69.34392337905022
55031,31,69.32709518680048
54061,61,69.28023932523011
17101,101,69.27941490486525
39099,99,69.27793271096606
18169,169,69.27133491834782
48009,9,69.25328227698802
38077,77,69.24767026267926
17169,169,69.240687795571
37049,49,69.2351517832822
27101,101,69.23003145206206
37035,35,69.22497647306554
48327,327,69.22391435306639
37081,81,69.19915168511653
19007,7,69.18975755303846
8101,101,69.1778259027219
48475,475,69.17314952015533
12001,1,69.16611520180952
39033,33,69.15573146994116
48483,483,69.15293854519693
5051,51,69.14806046056272
5055,55,69.14791821807054
27057,57,69.10361845338294
46009,9,69.06065665098322
17085,85,69.06054467703726
48133,133,69.04531930592329
19173,173,69.04405852271941
48135,135,69.03941523558602
53049,49,69.02705443394673
48007,7,68.99426104581228
32007,7,68.99175986041392
27069,69,68.96658636747102
29199,199,68.96607424227754
48311,311,68.95628950633058
55043,43,68.93500090593453
13153,153,68.92317083185536
51161,161,68.92137806963028
30075,75,68.91045211491884
16079,79,68.88827203240369
48171,171,68.8650132056735
41049,49,68.84829287432943
29205,205,68.84045926956438
54011,11,68.79609646511533
18023,23,68.79173412164745
5003,3,68.76633814936332
26145,145,68.76447674713965
27009,9,68.75757803110596
27051,51,68.74185758471211
48445,445,68.72829073152334
6063,63,68.72337912519342
47183,183,68.7221662108167
29175,175,68.70461817122761
29213,213,68.68942065905105
20079,79,68.66803083367839
40109,109,68.66540792934923
51087,87,68.60593658461215
36029,29,68.60568071352634
55017,17,68.59540757001615
8037,37,68.59034899657259
21199,199,68.5893297319154
48501,501,68.57746015201003
26023,23,68.57660644607884
35013,13,68.56208556567067
37191,191,68.54495289670834
48027,27,68.54333887355222
26069,69,68.54090184580215
18031,31,68.5240666129596
48437,437,68.49791241498883
54083,83,68.49445646945871
17105,105,68.49346815108743
31075,75,68.47210274550311
53063,63,68.46528102291029
31123,123,68.45941136153819
24045,45,68.44564704593829
13245,245,68.44225164908568
26149,149,68.43182555562285
19001,1,68.42945640779516
40115,115,68.42603967527458
13021,21,68.42506940362252
40101,101,68.41312777737501
47011,11,68.4068893992887
39009,9,68.35218129716117
46061,61,68.35197778719979
5069,69,68.33634758453336
20209,209,68.33356990163472
42121,121,68.31807667749406
48093,93,68.31606068280848
37113,113,68.29298913373336
37063,63,68.28148947833829
28003,3,68.25590504853419
48469,469,68.25562602264435
13285,285,68.25181849954855
37051,51,68.25056433994544
12055,55,68.24755757279553
18001,1,68.24618444573902
21125,125,68.23829616087359
4009,9,68.2378938154362
18151,151,68.20979144706638
31151,151,68.19759994324879
29211,211,68.189820160256
26101,101,68.18008350397564
19195,195,68.16779255337502
49057,57,68.15573347037055
48223,223,68.14512705104622
38087,87,68.14352607739647
21107,107,68.08274688789083
39077,77,68.05004489422524
42079,79,68.04689393808914
48447,447,68.04099218349494
19089,89,68.03303987581393
48267,267,68.02992673947841
19005,5,68.00106557057391
39151,151,67.99219502612058
45085,85,67.98660087631905
30099,99,67.9727255449507
21111,111,67.96925592062617
29145,145,67.96755989041844
1109,109,67.95423334551845
55023,23,67.94572563854435
27133,133,67.93604259097441
48173,173,67.9247874768615
39049,49,67.91147955614069
51003,3,67.89278332494233
40149,149,67.86902308411514
39155,155,67.85692076137985
21057,57,67.79719848435731
48393,393,67.75744959393404
46057,57,67.73237104989158
55069,69,67.7251809913226
55067,67,67.70303782496514
20207,207,67.69511510692328
31061,61,67.69372459145842
19171,171,67.65949327089952
39059,59,67.65911147520309
51001,1,67.65112294336421
30015,15,67.64181092600866
42043,43,67.63098493288598
48215,215,67.6206067920249
17127,127,67.6205532458861
20045,45,67.61933384273252
40013,13,67.61472005201017
17185,185,67.58521291660819
54033,33,67.5627521565588
18043,43,67.55843545134306
20165,165,67.5458333404855
48101,101,67.51812941122294
49013,13,67.50820784615522
49049,49,67.50094190000826
13219,219,67.49248426795857
13177,177,67.49045431851981
37165,165,67.48808019640235
48427,427,67.48305312400407
39023,23,67.48210757021141
30023,23,67.47277341562179
22015,15,67.46238662457642
16055,55,67.44715543041512
23019,19,67.44541439156887
19075,75,67.43991943699066
20005,5,67.43632188954939
17199,199,67.41998177630364
5123,123,67.4157594181852
20043,43,67.41553923065192
19073,73,67.38852293832977
37023,23,67.38401011024065
29081,81,67.3824128258737
24047,47,67.36989280149314
38043,43,67.35054121070519
21009,9,67.34646579168293
26017,17,67.33397614851636
4025,25,67.32647631673527
41055,55,67.3143262703297
22055,55,67.29742761288688
19125,125,67.28760646255397
18077,77,67.28063972123795
1125,125,67.2774691478986
19043,43,67.24074323033886
28047,47,67.23769692213857
47065,65,67.16277286108657
21207,207,67.15956171176663
19185,185,67.15934766411657
31159,159,67.14078755165832
37099,99,67.1121693821627
53019,19,67.09083222939353
48333,333,67.08521353975696
47035,35,67.07888648960892
27123,123,67.05657565940946
21161,161,67.0565417189927
8109,109,67.04034541481528
21205,205,67.04027686533163
40075,75,67.03830269656363
51650,650,66.99280204345122
13019,19,66.99126462694971
35001,1,66.98300715401922
27017,17,66.98165236836259
48149,149,66.98143996735905
40019,19,66.9772146022994
28049,49,66.97658938745452
48163,163,66.94530774196512
39167,167,66.94160752565996
26097,97,66.92450392039156
17017,17,66.92093825258836
48479,479,66.91907008578357
15007,7,66.91666679088402
36063,63,66.91099612861431
19015,15,66.9094154638033
36113,113,66.90352689119997
37089,89,66.90031928285701
50025,25,66.89581333829553
31035,35,66.8881448135205
30077,77,66.86401136905705
56045,45,66.86151573512197
55111,111,66.86088545794824
51760,760,66.86018955281014
17025,25,66.84673280026078
26165,165,66.84539518946768
48137,137,66.8351997421733
18103,103,66.80927750647696
26045,45,66.80203222119174
27005,5,66.75270464575777
39101,101,66.74215687610457
36101,101,66.73722537432185
39005,5,66.7324169324583
18069,69,66.7145083181355
21041,41,66.68408166268036
51620,620,66.67151641868341
51131,131,66.66572434059937
48063,63,66.66231098614172
16051,51,66.61400114980238
18107,107,66.5970263236849
30003,3,66.59221428256149
55019,19,66.58543278087026
48423,423,66.58146254709773
55105,105,66.58059783285108
29157,157,66.57958979732499
48335,335,66.56030181388748
47093,93,66.55845756025472
39075,75,66.5458641463119
48099,99,66.54119469139026
21155,155,66.54033680879233
28053,53,66.53358530156719
48285,285,66.51653783582556
39157,157,66.50728778349911
48129,129,66.48243150301973
22115,115,66.4805689884743
18179,179,66.47492284079964
30011,11,66.46958732614809
37011,11,66.45737467668256
16037,37,66.44908151937811
42065,65,66.42752371446412
53023,23,66.41582301048388
51165,165,66.40889975198303
50021,21,66.40022112143139
13175,175,66.37709130905006
18027,27,66.3705270675147
1033,33,66.36737061009606
50019,19,66.34705848490819
27081,81,66.34193497148705
13279,279,66.33883249760146
27131,131,66.33863362538708
26089,89,66.32696091510203
22029,29,66.32471111600523
40099,99,66.30899819225277
38025,25,66.30891991414565
17107,107,66.29523243228893
8069,69,66.2835354382954
48169,169,66.25145462882385
48411,411,66.22402062688461
48159,159,66.21827590390008
45079,79,66.21434917327502
26083,83,66.20856406519042
30045,45,66.19783527058165
46137,137,66.18664122338264
39069,69,66.16561552018814
21209,209,66.16454090604662
55129,129,66.15999848069056
13009,9,66.15539880380882
27125,125,66.15301830852391
13087,87,66.14584692412788
18019,19,66.14541678904214
31103,103,66.13961668304772
6107,107,66.1083473956931
31063,63,66.10823800803072
48151,151,66.10576202916961
48399,399,66.07823276964785
31181,181,66.07795596463059
13115,115,66.07786006835438
40093,93,66.06790321128803
13071,71,66.04528726367883
19133,133,66.03357185284813
36031,31,66.03121534756976
18071,71,66.01216773355378
27085,85,65.99721907055604
18075,75,65.98920759909461
46095,95,65.978588725747
19117,117,65.95428005299618
5147,147,65.95038688144011
39091,91,65.9484387823328
6019,19,65.9391295632621
36099,99,65.92524506945654
37195,195,65.9196254506963
49035,35,65.91582647752334
42021,21,65.89199341945375
5057,57,65.88889409417969
1045,45,65.8802256815301
27053,53,65.85023975419595
33005,5,65.84968960173103
18051,51,65.79730363552055
13051,51,65.79285347332967
1039,39,65.7600387992411
55133,133,65.73602000511436
21083,83,65.73528028844076
6021,21,65.73067851801866
42039,39,65.72990924089707
21225,225,65.72869333414648
12005,5,65.72738915199862
51089,89,65.72583318353242
38063,63,65.7247219418368
6031,31,65.70284059282379
27061,61,65.68474587965206
29047,47,65.67915066364499
6029,29,65.67752359572113
20027,27,65.67009948099688
48203,203,65.6643915172389
37031,31,65.6502108431728
49003,3,65.64208274260217
26003,3,65.62650246486464
37005,5,65.6238665180324
46101,101,65.61544655180526
46031,31,65.60160453904795
30043,43,65.58080395979916
13043,43,65.54320320816336
44005,5,65.54183127940753
45045,45,65.53830030203487
25001,1,65.53456367076268
40043,43,65.52916910504139
26111,111,65.52648080395322
6113,113,65.49370525721793
13291,291,65.48813541372212
20127,127,65.48244152121447
8041,41,65.47983596680574
55007,7,65.45463769792927
21117,117,65.44334653571768
25013,13,65.42842536472472
29029,29,65.42321189490569
48283,283,65.38420972714746
8081,81,65.37168319390005
27107,107,65.37123529768243
56035,35,65.36930355414614
48003,3,65.36084766567501
36023,23,65.36009782714792
19183,183,65.34485682865602
37127,127,65.33616781577969
17103,103,65.32850970906784
42073,73,65.29644724064921
53013,13,65.29000722024675
29121,121,65.28951629195913
17191,191,65.26812100456348
29011,11,65.26421710511563
21093,93,65.2593297399035
42087,87,65.25915091590895
36077,77,65.23771221472013
5033,33,65.21871037875255
28067,67,65.21670224086935
13241,241,65.20629872843155
20041,41,65.19841773265306
55027,27,65.1945025080578
53027,27,65.16260947463068
26075,75,65.11069836586951
19019,19,65.1044802441313
45041,41,65.10409262065107
49011,11,65.09965419470852
51005,5,65.08842868780448
39037,37,65.07274893912158
19177,177,65.06916776159234
38013,13,65.03182803600201
8055,55,65.02846913579083
5067,67,65.026819819857
39137,137,64.99530610935264
45031,31,64.96830743428882
37135,135,64.95666649917214
13147,147,64.94055891022171
48127,127,64.92362979109011
48001,1,64.91376119611289
13303,303,64.89301875834623
19099,99,64.88339027474626
39153,153,64.88320038246951
13099,99,64.88037662809126
19053,53,64.85637968719283
36009,9,64.85080857273145
21231,231,64.84036056056097
36049,49,64.82056150974232
55033,33,64.81259370693559
48103,103,64.81110110772147
35049,49,64.80372899995163
21157,157,64.78150792340213
42075,75,64.76939078026376
48489,489,64.76893386503254
37133,133,64.76043075802721
27055,55,64.75468458234766
5121,121,64.75396636564587
31115,115,64.75088227416781
39013,13,64.74051455591055
13031,31,64.72826493329916
51710,710,64.72121788059056
47071,71,64.70428670876589
27093,93,64.69754373354355
48253,253,64.68421731268455
37107,107,64.68361249102169
45083,83,64.66324456258086
22069,69,64.66016931566153
12033,33,64.65884052932033
42071,71,64.65150635561484
45073,73,64.63395620630128
8049,49,64.62302730423453
42109,109,64.61849727503835
35003,3,64.60921125616126
1031,31,64.60920112535288
17073,73,64.59862313952691
23005,5,64.59375439189226
31125,125,64.5908388995719
18099,99,64.58860135163168
34009,9,64.58223330629231
48319,319,64.57982882857169
1015,15,64.57830727937704
39051,51,64.57078374790146
22045,45,64.55191109725466
15009,9,64.51347623015668
18091,91,64.50945470892368
51155,155,64.50139939090525
48461,461,64.49507405564061
28089,89,64.46421231142163
29009,9,64.46221082470164
51103,103,64.45063274204492
37065,65,64.44984778924879
55121,121,64.41452101087188
20115,115,64.41257521044305
51199,199,64.41011136650563
33009,9,64.3929936405626
35047,47,64.37053421193659
17165,165,64.35356403574514
29065,65,64.34077485815546
24041,41,64.33640073016893
45051,51,64.3240928310281
27021,21,64.31406076517675
26131,131,64.31191597307344
30067,67,64.3094188830123
8013,13,64.2773090621269
13161,161,64.27472895189422
17139,139,64.23343235138519
36003,3,64.21772089333744
20143,143,64.21204907724906
36011,11,64.20541356150036
41031,31,64.19873375165615
5011,11,64.18406579752296
26057,57,64.17447227230222
41013,13,64.16093981213243
48025,25,64.15954911375034
22109,109,64.15611956316431
26037,37,64.1373589719449
50023,23,64.13671976006053
26005,5,64.09892734440132
29207,207,64.09235161032638
36037,37,64.09030103781778
40129,129,64.08855173595866
50027,27,64.0866397811429
39031,31,64.08563678610076
18181,181,64.08345959869354
37057,57,64.06065059052062
37153,153,64.05219387259058
23021,21,64.04907581262994
27039,39,64.03950517069329
55079,79,64.03701502007273
36043,43,64.02177432308773
21193,193,64.00880117571856
32013,13,63.99269508080814
18173,173,63.976362566022935
6103,103,63.96187098016192
48079,79,63.94313014722977
37027,27,63.94034969359909
39081,81,63.93956282109787
47097,97,63.938261981407486
29087,87,63.9363734307439
12115,115,63.91029846973335
27049,49,63.89935146763539
28027,27,63.87900986753533
29171,171,63.87568025774832
30089,89,63.86829485675646
29027,27,63.834304606013646
36093,93,63.825123514952885
26161,161,63.81344875385007
47127,127,63.80614303731523
37175,175,63.79922275649561
39123,123,63.7984892433857
1049,49,63.79005266613209
42105,105,63.78276784811712
39087,87,63.78165250749085
22033,33,63.75656577517833
17099,99,63.749014599462775
5145,145,63.74881880513759
20149,149,63.736086071612476
30081,81,63.7359328056457
51197,197,63.72557393252537
48219,219,63.6500578064185
19071,71,63.638408604549454
27075,75,63.63701388509012
29101,101,63.63612243836574
27153,153,63.634026232517606
48361,361,63.60958928822157
29163,163,63.606788528632954
42111,111,63.59376759109453
1055,55,63.53772600139019
29069,69,63.52916992755729
21239,239,63.50682105830868
31005,5,63.50231162867895
38055,55,63.48792763771787
1047,47,63.47341695048625
40053,53,63.467445967102556
53015,15,63.45336191262132
46033,33,63.44763571354475
55053,53,63.43467589341877
1093,93,63.43405113938062
17041,41,63.430743030075675
17051,51,63.42716407674101
40141,141,63.42096671196482
55057,57,63.40196507646048
56023,23,63.376282869942976
16007,7,63.36418836740104
47157,157,63.36087424093195
5077,77,63.33201480436264
22121,121,63.33005107410692
6011,11,63.32244741490687
40027,27,63.318950901605206
54081,81,63.316685737372836
54029,29,63.30627867048947
50005,5,63.30432195297848
18087,87,63.298232705259
42077,77,63.29092827571593
39085,85,63.289686568076945
48059,59,63.279176871516526
36069,69,63.278093188262915
37039,39,63.27659680335296
48193,193,63.263386672460854
47107,107,63.26245337182817
23011,11,63.24958520509944
46039,39,63.241294288880624
8043,43,63.238601560971766
42031,31,63.237280739556276
29165,165,63.223212784452606
13179,179,63.22113776781533
51173,173,63.21971009989612
51009,9,63.21616061335508
21235,235,63.21038526007543
55103,103,63.20723393507593
26135,135,63.2065720334389
29003,3,63.19243128680123
47185,185,63.18611776096249
20017,17,63.18233743069557
42055,55,63.175208880979405
51031,31,63.17479595135119
1017,17,63.174227687270445
36017,17,63.170652985287276
51700,700,63.1690657547942
45013,13,63.16102117057011
17171,171,63.13832919616548
19095,95,63.10169376838659
55089,89,63.09694001104674
5035,35,63.081774173668656
51570,570,63.080254547954965
5133,133,63.07321026666616
34001,1,63.07113881199857
54055,55,63.05599853817432
46111,111,63.05341195818691
40073,73,63.0468651326152
47033,33,63.04506362404382
17039,39,63.04301335945364
5149,149,63.04050238754808
41047,47,63.03205568239479
39061,61,63.03098170892885
13065,65,63.029093016150874
28145,145,63.012327714152136
55107,107,63.009601800843306
17067,67,62.986137884814895
1053,53,62.98249358628342
40079,79,62.96947526109954
13105,105,62.934310836602734
36035,35,62.931385537600505
23023,23,62.92873188065625
17203,203,62.925304153391984
13225,225,62.91174839819739
17015,15,62.91153830845537
51195,195,62.88730591748091
21115,115,62.88384720637201
21105,105,62.875114678714894
47171,171,62.86597024579551
48409,409,62.848810752280784
13129,129,62.839657575845564
18097,97,62.82328980388391
17157,157,62.8092803431753
55115,115,62.80851235088309
26113,113,62.792683988974694
37075,75,62.77699235783722
28073,73,62.768540012559804
16041,41,62.763365226994
55047,47,62.756876041171076
38065,65,62.736596245554985
28113,113,62.719949090763606
37019,19,62.69405883421578
37151,151,62.6833664885398
13155,155,62.68190305481334
48305,305,62.656584065673336
29189,189,62.64584970115551
37181,181,62.62658711499684
26159,159,62.61101541744502
13075,75,62.60786777391958
31163,163,62.60661823201355
55041,41,62.60044443269146
12021,21,62.58478502296374
37161,161,62.58134347074928
10001,1,62.57018993578474
8029,29,62.559411998160506
55045,45,62.54119568427573
36083,83,62.52906121689335
55101,101,62.526587965485426
29039,39,62.52617333707191
12091,91,62.51722610742574
31131,131,62.513172458260925
37043,43,62.49846172200362
48141,141,62.428003537918244
36025,25,62.41245129463147
51015,15,62.40557376335462
18183,183,62.39596575659759
41043,43,62.393021745828214
28095,95,62.389636556032244
18113,113,62.34206414595456
37193,193,62.328889001675925
16035,35,62.31928450114429
1077,77,62.3128214468356
56011,11,62.30733786370806
36123,123,62.2933382649109
55135,135,62.29170987685493
37001,1,62.29103349771542
51191,191,62.268794179383924
12023,23,62.251257382710676
38075,75,62.24780909020771
24023,23,62.24481351992435
47095,95,62.227476947832606
48391,391,62.21548390786854
16033,33,62.20785453993801
51810,810,62.20757003083644
42035,35,62.20654837650413
18129,129,62.203444035071456
26143,143,62.19650442663739
26127,127,62.1802003642726
17091,91,62.17599021847353
28117,117,62.1620584738513
37087,87,62.158936530980746
17035,35,62.14165545639527
40049,49,62.11769529344616
40089,89,62.10371601616834
37045,45,62.0993007150727
27037,37,62.087853221677015
48419,419,62.060547203126404
56009,9,62.06045705894526
5037,37,62.05566423632276
42015,15,62.02799315195381
45019,19,62.021336608865084
51735,735,61.98706458203264
53039,39,61.973303395913106
26031,31,61.96441685924287
21037,37,61.96440789618928
28099,99,61.95714139281162
26133,133,61.9557790474395
29095,95,61.93123472988052
29227,227,61.92149948140463
51740,740,61.86950731703879
8033,33,61.83792046416675
37171,171,61.83748393659661
37159,159,61.8311558944735
48417,417,61.82413256030572
39119,119,61.82325326069643
30057,57,61.807432916540186
42011,11,61.77041864645335
6053,53,61.76884897198194
21171,171,61.766324330692704
28059,59,61.76145402886195
17079,79,61.75643666870766
29075,75,61.75516757691837
25015,15,61.7498931534634
55127,127,61.71104248561169
5021,21,61.70916366474154
41067,67,61.70444989560936
13047,47,61.678863535496745
47037,37,61.67267199070173
25011,11,61.66228261417183
40015,15,61.65097058045822
31023,23,61.64851740725437
48181,181,61.630915829503174
23009,9,61.6258203990091
48471,471,61.62531936107484
17047,47,61.62172696843984
48495,495,61.62141352688762
13189,189,61.608301114311814
39029,29,61.60260844726282
13061,61,61.58298404339555
37041,41,61.551768211997334
27079,79,61.53190061213179
51017,17,61.53029548544021
13281,281,61.521055375154646
53031,31,61.48180823578506
51730,730,61.44652000615526
12015,15,61.43850534208345
51147,147,61.42862826549277
36041,41,61.414823777237494
21001,1,61.40022780508364
18049,49,61.38312814177329
44003,3,61.31854193747196
16071,71,61.316303348212166
13005,5,61.31372451923024
29510,510,61.31249309945657
45021,21,61.29787114298018
13039,39,61.27608145177188
29035,35,61.273683163207146
48481,481,61.26831332055309
6057,57,61.26514467398104
49051,51,61.25266152033628
42117,117,61.23163538022157
35006,6,61.22760535276895
40029,29,61.221693063833904
23015,15,61.21589321173925
18145,145,61.190396806339265
18131,131,61.189218754081764
48293,293,61.169485226460694
13001,1,61.14991637471723
39017,17,61.13979047794961
1095,95,61.11227680306504
19097,97,61.0941049482639
37139,139,61.09156288076986
5013,13,61.08979503853249
18041,41,61.08622573254967
48359,359,61.08330384185329
53011,11,61.07915957274959
55055,55,61.077421534601115
26141,141,61.07437564439997
22049,49,61.04786536569631
40017,17,61.029156837350804
17075,75,61.02659768568947
13271,271,61.020213034369185
49037,37,61.00637807277269
49023,23,60.99464218371976
18135,135,60.961604389882204
51149,149,60.94903310745576
13287,287,60.923951978148224
39141,141,60.92174611485967
48125,125,60.906176790643194
42097,97,60.87429896623831
45007,7,60.87068703227187
39007,7,60.869568400003594
12009,9,60.86596432211526
44007,7,60.85794148567516
40077,77,60.851314940124645
29083,83,60.849461472472974
37097,97,60.846429408836286
17141,141,60.83428900528186
49043,43,60.8195620166119
20019,19,60.81492208711875
36107,107,60.79344927135259
1103,103,60.79165303137566
31093,93,60.78563849727576
31177,177,60.7609772502286
28139,139,60.75283065604506
20015,15,60.746695621977956
10003,3,60.74540680717115
40035,35,60.7306879522339
47059,59,60.7229693513618
13201,201,60.67816477915719
28085,85,60.66935268352028
26019,19,60.662299916793586
1073,73,60.66193924851676
42033,33,60.64666685517863
18123,123,60.64309286453617
48321,321,60.61422205008532
21015,15,60.60710011323715
47125,125,60.548867792313345
28017,17,60.53828565904179
48229,229,60.52065603393463
40021,21,60.51524236450111
13107,107,60.495588936099324
36053,53,60.488169611164544
27029,29,60.46542485528278
18009,9,60.44159558360237
21089,89,60.4392921161909
21091,91,60.416030651393214
26059,59,60.41208513203794
34011,11,60.39895159230587
47019,19,60.39092416641232
39093,93,60.37976547700688
32005,5,60.37710560638283
21007,7,60.375213651706005
39159,159,60.37472669700952
23001,1,60.36784366975233
31097,97,60.36107178027144
6105,105,60.36031949468052
29129,129,60.33341768113544
54009,9,60.327902815612475
29149,149,60.318079293690964
41051,51,60.31120393610097
48425,425,60.28946151064076
55065,65,60.28160865951554
47177,177,60.27705936731718
48073,73,60.27398485437114
36057,57,60.270088914868595
17155,155,60.26918343518163
21143,143,60.26269656224565
17053,53,60.250554685370176
35021,21,60.23840681098138
31051,51,60.200089286192814
13109,109,60.19280489573268
53057,57,60.18794438111911
28055,55,60.1865908377304
13239,239,60.17710632732977
47105,105,60.17330610147936
53043,43,60.16859475819758
51095,95,60.15590458572486
8023,23,60.14779898462352
28125,125,60.14327182024157
29041,41,60.130364306434615
35055,55,60.097656645235666
40095,95,60.09611510579704
17023,23,60.08547857268746
27089,89,60.07470539963855
40023,23,60.047537104864354
37111,111,60.04297318613011
6047,47,60.01229030622547
39035,35,60.012205227025575
4019,19,59.998873035704705
12029,29,59.998761460165184
39145,145,59.97897756268292
12103,103,59.96636014134531
42063,63,59.958030057115906
39065,65,59.94645077910656
23007,7,59.94288721133525
1005,5,59.94104874673462
26107,107,59.93618896839779
16027,27,59.923301044698604
47053,53,59.92153718396611
48431,431,59.91638206324873
37125,125,59.89224962944364
40133,133,59.86351118714926
6109,109,59.83434455123453
27001,1,59.83254540813282
22071,71,59.81162716833999
21071,71,59.801771982039455
47031,31,59.78203677837054
26009,9,59.776801168749714
48065,65,59.77301714333133
17145,145,59.77173875414129
21121,121,59.759116543970116
20103,103,59.75336774711787
47051,51,59.73080539699017
54057,57,59.7228633190913
28141,141,59.70876430585442
26129,129,59.69769380452179
13137,137,59.69543171873221
37091,91,59.69512414271282
48255,255,59.68794290221725
13209,209,59.67056447887054
55061,61,59.66510324150539
29187,187,59.64818283052421
21169,169,59.638132041292145
48413,413,59.63777082610837
54049,49,59.63526358606589
54023,23,59.62606775742631
13243,243,59.610581365109674
48363,363,59.5270431179638
50009,9,59.52186578038944
31021,21,59.500650970650895
29103,103,59.48540364516622
32027,27,59.46549986816036
8021,21,59.46496331716915
18117,117,59.463591270522464
51185,185,59.449070664070014
42133,133,59.447625370160665
17021,21,59.417736647200016
1121,121,59.4167010215058
18065,65,59.41331665900393
30061,61,59.40545833144856
4017,17,59.40522049834725
17163,163,59.401705906448896
53067,67,59.40060306309244
29109,109,59.388902067890456
17135,135,59.38764314618778
1113,113,59.37566954144899
48089,89,59.375298965942534
47001,1,59.373326269451645
10005,5,59.353967432657974
17173,173,59.35302531356127
26027,27,59.33919995224572
33017,17,59.32991886394987
19115,115,59.31440354385275
37083,83,59.311821159283184
39165,165,59.30961656259336
29053,53,59.29702699410158
33003,3,59.26480621135003
45003,3,59.228525397713774
30065,65,59.22816884694292
55011,11,59.222258414086106
19023,23,59.173066562407904
18159,159,59.13371740145327
19039,39,59.13074241084843
36075,75,59.12448816441677
37003,3,59.11074976577434
37013,13,59.08890104410007
6055,55,59.083669889807545
21033,33,59.082020012655676
21151,151,59.050761657911224
6111,111,59.0186587760552
17189,189,59.018621262063554
21177,177,59.00665467682479
17147,147,59.000747650735995
21095,95,58.98795105457779
29215,215,58.97954997031461
1097,97,58.92508143780817
18165,165,58.915227971428784
17149,149,58.8812429340831
37059,59,58.84085439783132
40125,125,58.797568774502174
48349,349,58.79121412536371
36091,91,58.76919231773082
22051,51,58.7519860908578
13253,253,58.74376892672757
18079,79,58.73376436926896
39053,53,58.717358087003824
55131,131,58.71532073618144
20095,95,58.680750245119604
47003,3,58.678294967906076
50001,1,58.655557260593525
5095,95,58.65018956172923
18011,11,58.63517977276963
22047,47,58.63446981244319
28121,121,58.63282410398219
35045,45,58.630757238258624
41053,53,58.623460856112686
28143,143,58.62143424487692
13235,235,58.61903235953909
54097,97,58.61364584054334
17005,5,58.612566306918154
27163,163,58.59676401053684
48123,123,58.59435878613702
51081,81,58.588799965688345
39125,125,58.57659971009088
6101,101,58.57095175299477
37155,155,58.56725942686262
51023,23,58.56500880143975
39027,27,58.54861161539705
47073,73,58.54113137319965
48453,453,58.537749398275
12031,31,58.53329100754231
24029,29,58.52241349013936
33001,1,58.50868020098142
45071,71,58.50838649867312
27139,139,58.50520560921583
5111,111,58.497268479867394
20073,73,58.49489137586298
6097,97,58.4787885737845
21113,113,58.47821567672632
42053,53,58.473035371909866
1099,99,58.465920437560506
20059,59,58.45920044511179
37183,183,58.39907141713081
42095,95,58.39858937077482
55123,123,58.39824227162996
29043,43,58.395592206035765
13165,165,58.39177663306082
19051,51,58.37875717149898
28115,115,58.334574651985335
47009,9,58.33124150602937
13205,205,58.31418640774718
1013,13,58.305786136290294
13305,305,58.282830395921394
47143,143,58.268615418689784
12045,45,58.25324170163873
33013,13,58.24345363904392
17055,55,58.23420083767882
48225,225,58.223100172671415
18143,143,58.21626980227783
42007,7,58.215265600661326
21219,219,58.18854053762992
48083,83,58.17853928034581
48177,177,58.13995421688819
17193,193,58.130817403812465
27157,157,58.129500670970415
54031,31,58.099563942837506
28159,159,58.094663814159986
47099,99,58.061296311408896
53041,41,58.05922399093632
48161,161,58.030475140402
21013,13,58.01256060021177
41069,69,58.00328326216216
48029,29,57.99469236017797
21189,189,57.9901613813534
32003,3,57.979137061305096
18093,93,57.96375181951097
51670,670,57.962916969194225
34033,33,57.961369062273505
13133,133,57.95065341504591
13229,229,57.926749493910364
54051,51,57.9086970909621
36117,117,57.902964679700716
44009,9,57.87491279490536
17119,119,57.86151712046351
33019,19,57.85109029859466
51117,117,57.77647110176335
16017,17,57.7727504056872
26049,49,57.76831987038838
32023,23,57.76720100340687
5127,127,57.7656270137845
29137,137,57.75914240660459
45069,69,57.738871113071355
13027,27,57.735217103590685
28097,97,57.730886691600816
8091,91,57.72328069425131
8025,25,57.72198606241608
1075,75,57.70591555808444
48313,313,57.68602699033676
37119,119,57.67713467987282
47155,155,57.65586478309746
1003,3,57.652739187635824
40085,85,57.63155220714482
15001,1,57.598849245299945
22057,57,57.58095630723311
22119,119,57.57348089157469
1087,87,57.5710274542774
42009,9,57.55779579133168
28007,7,57.54016394662217
29111,111,57.53948258683219
44001,1,57.524756630016505
42131,131,57.50708407832885
48107,107,57.481330319626466
12127,127,57.46744465789779
17071,71,57.45520073524478
21085,85,57.452730899087236
51085,85,57.438824546219436
45025,25,57.427398210090544
13093,93,57.423373782195696
1059,59,57.4221401339032
22123,123,57.417651986520646
13073,73,57.417309223699085
13213,213,57.41031561412843
48403,403,57.40273751038203
5039,39,57.371826709456485
21195,195,57.354624555175306
49033,33,57.346133147163926
36021,21,57.34453712034521
21017,17,57.331787099472066
26119,119,57.33087243929044
54025,25,57.316834727844665
39047,47,57.310602589872836
20085,85,57.298337619653175
39083,83,57.29817003778014
12083,83,57.29441643285974
37121,121,57.29148211339192
13003,3,57.27725850364435
45077,77,57.27023078507148
24019,19,57.25369272598102
51550,550,57.22696126838229
17037,37,57.21669709698772
42107,107,57.19099638757403
18095,95,57.189098883602504
51083,83,57.183806696807835
13267,267,57.165003326640104
47017,17,57.135843785976256
18139,139,57.1108362531064
12081,81,57.10634966053668
31165,165,57.095273756406286
22107,107,57.092233722718476
23025,25,57.06258775878038
24043,43,57.05802674275591
36111,111,57.05453125664616
27019,19,57.053883142906436
36051,51,57.02640150591094
28103,103,57.02138651096285
5045,45,57.00242188435277
13293,293,56.97635526378123
29135,135,56.97082931810116
22127,127,56.96436214293683
12079,79,56.95584807242824
48095,95,56.95140975971871
48343,343,56.945484921146225
29186,186,56.9349975343179
48401,401,56.93338877273655
48281,281,56.927288243821785
48077,77,56.925441443439674
21141,141,56.92438880529412
1123,123,56.92408858193049
54045,45,56.91324306568567
55049,49,56.91311452188169
34021,21,56.90283761415715
48241,241,56.901591688331244
48237,237,56.88385403521996
45059,59,56.86706108235242
22041,41,56.85164398003826
19181,181,56.83740617368209
39079,79,56.836995857593706
55059,59,56.82514907122803
51163,163,56.8232540839007
40063,63,56.81583047981215
26115,115,56.77383509412552
48011,11,56.76087982374776
48081,81,56.73867725282587
17059,59,56.73344935825397
45063,63,56.72401958058613
37105,105,56.719126782501895
18161,161,56.71668628581577
18015,15,56.714076329195876
47039,39,56.70522875036678
8031,31,56.69258208929604
47049,49,56.690739654276015
12047,47,56.68761330550709
12017,17,56.667597439618
36097,97,56.66102558496821
18007,7,56.621253400467175
48097,97,56.61759647343778
37009,9,56.61322508447313
18063,63,56.599507655777956
29197,197,56.576707001523815
55013,13,56.56959023249423
5089,89,56.56050405824963
48249,249,56.555679191219795
13131,131,56.548074067768425
17027,27,56.51386008839534
23027,27,56.50864048104708
5075,75,56.488920465084256
42051,51,56.48860033783693
36105,105,56.475082165189775
6099,99,56.47285591336184
47005,5,56.47208171861537
29033,33,56.462249573266256
31113,113,56.45449161038065
21167,167,56.44412273598384
33011,11,56.434095918573256
18081,81,56.43094312923411
13055,55,56.42387580295571
28013,13,56.423422329861125
39021,21,56.420448416892334
39121,121,56.40785518845176
51143,143,56.390260925091305
21173,173,56.35811283598993
19011,11,56.35588156122149
26163,163,56.334961120260196
55091,91,56.32021259374047
13119,119,56.30880365180649
40113,113,56.298559414162696
19105,105,56.2979219800287
48131,131,56.26849772418269
20003,3,56.248471255597806
37117,117,56.23290751056478
53029,29,56.21867000167856
24039,39,56.2041182114787
39133,133,56.18824597943268
26011,11,56.17218925953454
42003,3,56.15369699063619
42129,129,56.140809229447264
12099,99,56.11475165637321
37071,71,56.08421588083513
40069,69,56.06329827840938
29203,203,56.02479995310027
8123,123,56.022672844722685
27143,143,56.00290183563189
55021,21,56.00051494484425
21049,49,55.983166414283836
29183,183,55.97002898747644
40097,97,55.95294861553369
54091,91,55.931644842253604
22003,3,55.9229215062856
13111,111,55.91694345861161
51035,35,55.877740134694655
42127,127,55.87019638953442
27097,97,55.860107173775354
18045,45,55.8401406501247
19129,129,55.83906859553477
26091,91,55.830890094832675
47151,151,55.80681959686874
12085,85,55.802047974528726
20191,191,55.790666835102655
36121,121,55.78586409164572
45043,43,55.78521889668389
29179,179,55.73480410731448
40131,131,55.734348287133415
36115,115,55.70734703426935
13139,139,55.69705663135678
35031,31,55.695547155929034
37157,157,55.68691620434668
5083,83,55.6860209628107
6067,67,55.671919867003325
28033,33,55.63952355540882
12093,93,55.63021871621031
45001,1,55.629381650835654
19031,31,55.62522741219665
40145,145,55.586261912000964
22001,1,55.5440685795517
22083,83,55.52624869756399
41071,71,55.522672890014256
23031,31,55.5221808211744
17057,57,55.51675091457485
6061,61,55.50085337488123
13315,315,55.45529999106363
51041,41,55.452869847233764
39089,89,55.44211389408144
48167,167,55.437207288059334
27045,45,55.42826209910273
13273,273,55.420867571480805
18153,153,55.41558856509635
42001,1,55.39293574925344
37123,123,55.39210790935447
6073,73,55.38669856601207
12035,35,55.36041695940971
46125,125,55.35662177878279
39041,41,55.35345721217069
18057,57,55.326180333053664
5135,135,55.3031540108282
38007,7,55.30245512836775
26001,1,55.29457234669629
40135,135,55.28641539557771
37137,137,55.28349168950193
30095,95,55.25958976553876
17123,123,55.257695038856
22075,75,55.25478275213381
22023,23,55.23167595619696
31007,7,55.23085330674142
37167,167,55.210656900626155
51630,630,55.200055493831435
5029,29,55.17354128376293
47077,77,55.165342306825224
37079,79,55.149378561776196
47041,41,55.147668132114966
21211,211,55.144602583077905
37015,15,55.086960535698445
39097,97,55.07118244288378
37061,61,55.07089089574313
13211,211,55.065542756070165
42019,19,55.06065603990478
19107,107,55.05190498067708
1043,43,55.0420544919257
22067,67,55.02650377209927
29141,141,55.025716416738966
5079,79,54.98159934027191
40107,107,54.95218180801004
18171,171,54.922359219223395
29123,123,54.91018226005434
6003,3,54.903221512953884
1067,67,54.89232462592675
12049,49,54.875963947701976
31155,155,54.83466120211402
54021,21,54.83449701430415
51610,610,54.819803463777326
51069,69,54.81123593121963
42125,125,54.806584623688025
29089,89,54.78431011377373
28123,123,54.7588527760386
47109,109,54.753455138603925
12119,119,54.74970184950837
21011,11,54.72968857548439
30007,7,54.727697362934926
21099,99,54.70085418608436
1083,83,54.68717365219435
40001,1,54.67153426373789
13317,317,54.63655328267563
1071,71,54.62387680902366
37199,199,54.62190293969328
13295,295,54.619453604861064
5047,47,54.5875264621648
13091,91,54.577768307587405
37163,163,54.54982862402097
55083,83,54.53776693290909
42115,115,54.52680086736477
39135,135,54.50695382629044
21179,179,54.50605808041248
17175,175,54.47027615399107
55109,109,54.46217564675505
55077,77,54.44782742804137
40051,51,54.43368585206119
51091,91,54.4312929886341
1027,27,54.418056867653895
29055,55,54.39862096725868
21229,229,54.37113794909233
13249,249,54.3710206983483
48067,67,54.36607079174976
17007,7,54.36195233588737
50017,17,54.3507458214379
25005,5,54.336303906401625
28091,91,54.329022924266944
48235,235,54.31628181063839
45091,91,54.31138688244344
54041,41,54.29224911124496
47075,75,54.28494816282512
18059,59,54.27024408559492
13207,207,54.24517115627096
12109,109,54.22713566786853
29093,93,54.22075384731199
40005,5,54.219137762225834
21055,55,54.21816266802495
22099,99,54.18023864624962
22039,39,54.17711563460138
50015,15,54.16620789469818
4013,13,54.15867403866914
22113,113,54.10837671910803
23017,17,54.10351174475421
18125,125,54.09992119525978
45087,87,54.092494963305896
40061,61,54.080278838762474
40067,67,54.07720258529134
40127,127,54.06084376463206
48187,187,54.02946306951867
48439,439,54.02074553717115
48365,365,54.01851093508808
29151,151,54.00021525191052
1091,91,53.99437901875033
22089,89,53.987226755888976
17181,181,53.975103496573254
16073,73,53.94276408991809
12071,71,53.92114141334447
37131,131,53.9191643162532
28057,57,53.90831646883599
1025,25,53.8912645658762
40037,37,53.88951198969612
12121,121,53.86244926181727
22027,27,53.835264126719586
26099,99,53.832151102866845
28101,101,53.81329942546343
53035,35,53.803445595628844
47025,25,53.801912674937434
54099,99,53.798716641803345
48331,331,53.78024665347999
48299,299,53.76694848117742
13193,193,53.75745766728648
12051,51,53.715026045637934
49029,29,53.712330245645056
26125,125,53.70263968619218
1001,1,53.69385445935504
36073,73,53.67810632849248
6039,39,53.67302757273972
51175,175,53.6722725643701
8005,5,53.65973283419121
45033,33,53.640570842140114
13173,173,53.63568974151204
12063,63,53.6244277333993
48373,373,53.60256417897335
18127,127,53.582844592352274
18147,147,53.55912120452747
27003,3,53.55394285747423
17065,65,53.54447147762647
39131,131,53.528219930271604
40091,91,53.523425067480055
37149,149,53.509004503390734
12105,105,53.50131866127681
21221,221,53.492915233397234
28063,63,53.492118529125996
47133,133,53.48155577683264
18137,137,53.47311984243082
54075,75,53.43836143499405
47187,187,53.435236024171886
54003,3,53.434960572379474
29167,167,53.422695391489526
53065,65,53.414940039244954
46087,87,53.397914298499
41005,5,53.376103283236944
29067,67,53.372239698521206
21137,137,53.37082123149568
48119,119,53.367770633873455
54079,79,53.36064917517051
30009,9,53.3587675228234
48395,395,53.349546903797794
54001,1,53.34769156904845
48239,239,53.34519757404067
29057,57,53.32417868111108
6087,87,53.30094877525157
24037,37,53.29825620512844
21233,233,53.283742854064755
54067,67,53.28278897086057
51105,105,53.27646977480677
12117,117,53.24886865785854
13037,37,53.207857569057246
5065,65,53.19746143282118
29181,181,53.185347823707794
45075,75,53.1680392372583
19077,77,53.16622988963131
55093,93,53.15560484372165
1061,61,53.13744566666478
48145,145,53.133526122784566
40041,41,53.12608377870093
17063,63,53.12033476559483
47055,55,53.11614982190813
26151,151,53.0354994453496
39103,103,53.03268185914221
29045,45,53.02928957357891
29229,229,53.02502418281345
6085,85,53.02233637898879
51019,19,53.01817703909604
21133,133,53.01048869999537
21185,185,53.0045942817049
22059,59,52.99989960408371
13195,195,52.953779488898476
5137,137,52.90896700177106
37197,197,52.904046699102715
12111,111,52.896271509587336
8014,14,52.88966656029167
40111,111,52.87683616311426
25027,27,52.876206223526744
47145,145,52.862584875439445
5099,99,52.853763545949576
37187,187,52.84700464252108
5023,23,52.842061961942086
37047,47,52.83764487376186
54093,93,52.81242561193067
13301,301,52.80939294868984
13145,145,52.803069865352214
55137,137,52.75571529378716
5125,125,52.75144260938893
50011,11,52.70463740229149
37037,37,52.696256861671955
48297,297,52.691673388896874
5109,109,52.684313955036366
28161,161,52.67215635942689
22097,97,52.654974081575155
22093,93,52.64970211497396
37017,17,52.63491883349678
37025,25,52.605955947488944
29131,131,52.59743337320776
18089,89,52.559230024422064
27095,95,52.549776905725146
47149,149,52.545456643786096
51077,77,52.497615503675355
26067,67,52.4927788377927
54053,53,52.48624548444021
30039,39,52.483004462475144
1037,37,52.443843467955055
47123,123,52.44024246111062
21003,3,52.41923904241479
18133,133,52.40361395240328
21069,69,52.396646769573266
13237,237,52.37893223245924
40033,33,52.35595658078099
6081,81,52.346835498200505
47137,137,52.33252568263407
54035,35,52.29619121682312
54073,73,52.289743782973986
1035,35,52.25344120746074
38049,49,52.243556483427746
8059,59,52.22700626949178
22081,81,52.21055264687352
21203,203,52.18640574470827
21087,87,52.1314779664237
34007,7,52.09895925144268
5049,49,52.055057570669064
1119,119,51.997037744053046
21123,123,51.99595073723566
1133,133,51.994450024889204
53033,33,51.96969907735368
29119,119,51.919816808949236
13255,255,51.91754476724655
48261,261,51.9142618363551
22005,5,51.899480285132185
28031,31,51.859050315348064
13183,183,51.81858515850223
6017,17,51.81066586809885
5117,117,51.803782460048545
45037,37,51.7801466108328
42029,29,51.779597536231826
28163,163,51.75682343780272
21039,39,51.75526370424509
26155,155,51.73028543896226
39129,129,51.70598976699402
42091,91,51.692122521683295
12043,43,51.68735240013553
51159,159,51.682609966710835
29185,185,51.64917559926943
26035,35,51.61282402525384
29073,73,51.61243820721698
55001,1,51.588718419188325
28153,153,51.542876334879594
6033,33,51.51974936662831
17131,131,51.493696883700494
29107,107,51.48359929968483
13045,45,51.46574769401692
34031,31,51.4258256123633
21045,45,51.41846562632668
21051,51,51.41065542625757
17129,129,51.35188488613377
6091,91,51.34618845944695
29061,61,51.34244898347703
47117,117,51.336678962074856
48113,113,51.32560605896529
51171,171,51.2800237904322
48217,217,51.27918483900816
12057,57,51.27795372960809
54103,103,51.271072861623566
12095,95,51.26332874440086
5081,81,51.20742607721669
13083,83,51.17536263535554
54019,19,51.16027232504431
47089,89,51.13452987205839
13023,23,51.132600512760206
18021,21,51.119524050984076
17089,89,51.11843370529523
13187,187,51.09787156328396
21139,139,51.093769941154946
36039,39,51.09326588423102
6059,59,51.080471532685614
45011,11,51.065852391646004
34005,5,51.0548191132562
13321,321,51.039366081838224
21119,119,51.01497466235445
26157,157,51.001722486284216
22011,11,50.99189319736163
18111,111,50.975201399718785
29015,15,50.90452283167429
17117,117,50.85184286327779
42005,5,50.804837287258295
36095,95,50.79971724547091
12027,27,50.78026184369311
19135,135,50.77846964647647
33015,15,50.77427790690494
12067,67,50.77031073525907
18121,121,50.754721343397776
36027,27,50.7501084352424
13307,307,50.72999550158984
25009,9,50.720067922714506
6077,77,50.7082545480513
47119,119,50.707467457324974
13121,121,50.69321944629063
22125,125,50.68525504585407
1057,57,50.68357192755438
48071,71,50.64861520805402
22105,105,50.60066042572614
39055,55,50.59971920822558
40087,87,50.57033553256509
42113,113,50.560740206274865
17003,3,50.55445907744293
18073,73,50.532330805071204
26147,147,50.52665377818063
45027,27,50.50576816552381
6115,115,50.50402095547012
47027,27,50.49773317810602
53069,69,50.450151376087994
6005,5,50.44818911393351
17043,43,50.44294861175119
48053,53,50.436392289880025
55095,95,50.42121135614438
37093,93,50.39474791235714
5059,59,50.38220858693485
24005,5,50.37795261494207
17061,61,50.30618974601334
12131,131,50.30485917465839
26079,79,50.294034967413445
51113,113,50.27818951580754
51135,135,50.240553530558515
48499,499,50.203772979061455
51111,111,50.18379289347469
5085,85,50.16878193662685
39071,71,50.13370544989909
8035,35,50.11855563308482
31117,117,50.07004854960697
21097,97,50.06898444454373
45009,9,50.06605548030756
47023,23,50.054143457174725
34015,15,49.978592109735025
12069,69,49.967470709384024
45067,67,49.96054214034731
22117,117,49.90282896443271
39019,19,49.90155394444732
42017,17,49.898192647016074
28107,107,49.89396624187828
1011,11,49.88770475337419
29139,139,49.85413730023531
39045,45,49.84028908943103
5141,141,49.83918363588599
13233,233,49.836814497227586
21029,29,49.82786954768035
28147,147,49.78258067299552
48035,35,49.763663842602256
32019,19,49.71469723457766
51133,133,49.70139137614638
48015,15,49.65943956570851
47165,165,49.62071027390644
12053,53,49.61030588426361
18055,55,49.59927752222042
5073,73,49.59806525412578
54101,101,49.59222273666832
37007,7,49.57819607968263
13169,169,49.57259802146603
16061,61,49.52148994073539
53059,59,49.50409788677929
29063,63,49.45160620773122
13123,123,49.43543935414945
45061,61,49.4264840849479
13007,7,49.42034469458982
40083,83,49.40585332490941
22043,43,49.390229488012025
8045,45,49.35732038459185
30037,37,49.3087274531978
13311,311,49.30624314050762
49031,31,49.301670847873964
1019,19,49.272437442928954
13319,319,49.26988626596693
51013,13,49.26757055797238
31025,25,49.2389883157023
45057,57,49.22361314169618
13163,163,49.16942424384142
13101,101,49.1524820891277
42059,59,49.139793104923235
12011,11,49.10111659589153
6043,43,49.090529406731456
17069,69,49.07639576522257
29071,71,49.07044480151646
47085,85,49.06829591948593
51071,71,49.0639615944197
19121,121,49.05505096294579
48289,289,49.03765383035639
48459,459,49.00454569660139
26015,15,48.97435012154572
4001,1,48.95522305787113
47091,91,48.94194409722751
24003,3,48.897963712317114
48491,491,48.89207762756113
45015,15,48.884252398174304
28155,155,48.88366489980126
42045,45,48.84145008265436
24015,15,48.83202045080045
34027,27,48.825656286453324
1051,51,48.81313335588547
48405,405,48.81062095522419
13171,171,48.79524642687033
37177,177,48.696494985563966
27065,65,48.69084649040767
39025,25,48.68587200244332
17083,83,48.60591859347515
28019,19,48.49945430255989
48387,387,48.48378613562919
37185,185,48.479074652283806
51011,11,48.420677176526524
48091,91,48.41438358174742
37029,29,48.399431023352435
13283,283,48.39683506458458
48231,231,48.39393274667807
37077,77,48.33585698250854
1111,111,48.30505665391726
29209,209,48.29623467653023
40105,105,48.25128908006172
27115,115,48.24661779584028
53053,53,48.218340000444854
26051,51,48.20958364586831
42061,61,48.208756628002924
37109,109,48.16675894770429
47159,159,48.15551550175926
51141,141,48.149437885507204
18149,149,48.147856632790806
18175,175,48.120076782661634
45005,5,48.08335833032854
34039,39,48.06063170552235
15003,3,48.01920864601381
18115,115,47.99298962191905
51800,800,47.98640083746324
22053,53,47.950632813871366
47135,135,47.94832207581241
35039,39,47.936558653445445
22085,85,47.893388812243174
22009,9,47.86078017571796
51079,79,47.857432573162754
39067,67,47.850118245461395
29085,85,47.83869022908777
22031,31,47.804637262262375
8001,1,47.778257338364504
18101,101,47.777475967083035
37103,103,47.76606479736681
48051,51,47.764442060890325
28135,135,47.72783112857813
26117,117,47.680745687579886
12107,107,47.64343809957959
16045,45,47.57506084029533
17097,97,47.56736427060292
13289,289,47.561735931562716
48085,85,47.543800038788326
48201,201,47.50997964506028
21043,43,47.47308407923772
25017,17,47.46811714470217
34035,35,47.444322746796665
12113,113,47.43785943651748
26085,85,47.375381429287785
28029,29,47.358301047414116
13015,15,47.32744855543237
48121,121,47.29954772885525
19085,85,47.268622773500496
17133,133,47.253517488957336
45017,17,47.25210155425727
51021,21,47.23740472169097
5097,97,47.234083370884946
21149,149,47.23292988268507
28119,119,47.22941438877098
5129,129,47.214512520819106
24027,27,47.212429360851864
37179,179,47.20566765475273
51025,25,47.2014300153235
34003,3,47.196266257405796
16081,81,47.18719969714121
13033,33,47.1819921825633
28079,79,47.16104540074033
29225,225,47.1552409116376
22007,7,47.01757416000109
12007,7,46.98172048079644
13167,167,46.96569048918626
28129,129,46.945947274678616
28021,21,46.9040307897247
13077,77,46.847784828179094
17087,87,46.84617025358557
48031,31,46.838727642813645
36103,103,46.83502145954766
29153,153,46.75442939383482
20139,139,46.73282469176886
1117,117,46.7278824221417
12089,89,46.69708338941446
48457,457,46.68560111380591
29037,37,46.68016089207444
28127,127,46.657433454725556
20087,87,46.58302368477287
28023,23,46.56604185809308
20197,197,46.53196264129472
47067,67,46.5219017778519
21005,5,46.47417015474423
48039,39,46.470566512546505
6071,71,46.47030729487203
54077,77,46.46178297975975
26123,123,46.42090965441664
17125,125,46.41543733788154
48209,209,46.374813048695344
13309,309,46.32305386287542
37145,145,46.31587593805504
48259,259,46.28189375543067
53051,51,46.22303227069145
8119,119,46.21083202218306
51093,93,46.17023087695723
22095,95,46.149794035238976
35043,43,46.115578054920455
13269,269,46.11286710503577
13143,143,46.04857505773354
13259,259,46.01569574816789
47153,153,45.98349554148704
12013,13,45.98287277804624
47103,103,45.97305785958474
21103,103,45.936635015467836
45023,23,45.918315589093694
28061,61,45.90545311903455
34029,29,45.87826088299554
21175,175,45.86085433700462
21031,31,45.8076905314856
21159,159,45.690342091878186
13157,157,45.68090594620087
37141,141,45.653130009318424
13251,251,45.64374365504527
20049,49,45.60599372196883
1063,63,45.59486717071195
53061,61,45.55789924752215
36071,71,45.52512989488923
51053,53,45.506053222187724
8027,27,45.4593366772163
45055,55,45.45389171529078
21163,163,45.453011842654256
28015,15,45.40936287570068
48325,325,45.29059484328476
27171,171,45.2865085352294
21183,183,45.267816297104666
51139,139,45.244818934420444
18109,109,45.23312386939782
47087,87,45.18676450075624
48147,147,45.182250069184086
48287,287,45.15697948940944
6095,95,45.156849196309544
47181,181,45.15269531047514
51099,99,45.134298585696556
13049,49,45.12420170897912
36087,87,45.12164750910513
47189,189,45.11944207240408
6041,41,45.08791895145763
21077,77,45.08524889641311
39105,105,45.08385195712489
12075,75,45.05303440843694
45035,35,45.031690697767566
22087,87,45.02940229847243
51600,600,45.02741526751626
21197,197,45.026113558584456
47147,147,45.01232062589498
13035,35,45.00068369817833
12125,125,44.99521462821601
27141,141,44.992832540518194
48139,139,44.98500030674874
51067,67,44.94351855087436
6065,65,44.924481580573044
42057,57,44.89239575055812
48199,199,44.881913272182764
48175,175,44.83859368238736
29049,49,44.80711820501996
22021,21,44.79203284568396
47101,101,44.758649276267995
51107,107,44.74144722851674
39111,111,44.69459368706411
1079,79,44.657531184800256
35061,61,44.63077513540921
8019,19,44.540557467776374
22103,103,44.536735095884836
21025,25,44.53233914421277
51167,167,44.47733866124548
37085,85,44.45791133170187
22077,77,44.45612283104295
13265,265,44.43637989886683
32029,29,44.40446665026457
51169,169,44.38268521280025
24011,11,44.339574009395164
28093,93,44.33483491672409
4021,21,44.33339062269681
42067,67,44.31218762664552
22025,25,44.301534449827386
34023,23,44.26190930277623
51075,75,44.16953654548892
47013,13,44.122249635830336
17111,111,44.06968032709776
13217,217,44.021767667536395
51059,59,43.99618111439529
47029,29,43.98688702980461
17093,93,43.98644745369643
48221,221,43.98631864661971
12101,101,43.980907889920665
48337,337,43.91348074003238
20121,121,43.905242667968366
51510,510,43.90147448793764
37169,169,43.891751505239
47111,111,43.863900596138166
29219,219,43.77619987521154
40117,117,43.77596917518624
51119,119,43.74930323053785
28111,111,43.73147270807319
18047,47,43.70988174215286
18029,29,43.7076574094573
1065,65,43.517549150326744
24510,510,43.460826170108504
42025,25,43.44907946152448
13181,181,43.433897422520076
26093,93,43.398896024114734
34025,25,43.3699384276582
47057,57,43.337354086505
54059,59,43.33494488332042
17153,153,43.293832126077085
22111,111,43.25710666294953
51027,27,43.19984978643673
13067,67,43.19573447038813
37143,143,43.1882919461956
29013,13,43.1819468702581
13113,113,43.15737466941674
24021,21,43.15267197623778
17197,197,43.105607592475046
1127,127,43.08261019085271
48213,213,43.0121808935687
51057,57,42.97402743402151
47139,139,42.95984766072583
13011,11,42.95615656212776
13089,89,42.95065775134317
13117,117,42.94519083665088
53045,45,42.94025364137951
25021,21,42.93190811347471
17151,151,42.931363460527855
21129,129,42.92828192974045
54007,7,42.893322611013424
13063,63,42.87971832989696
51037,37,42.87119370907871
6009,9,42.846989224120826
39073,73,42.818457161860366
40081,81,42.790748335773934
47069,69,42.7521441817311
25023,23,42.73142436711156
45089,89,42.654352198059534
28005,5,42.63136458729541
16063,63,42.57060204880825
2170,170,42.49728370377739
24025,25,42.48463826164043
13227,227,42.43062558100368
29223,223,42.41658582291334
45049,49,42.399074363487344
47115,115,42.336162331996505
37115,115,42.31682022820637
54085,85,42.31598099120377
1105,105,42.30756310361844
28045,45,42.25287998586621
1041,41,42.20955853620125
45029,29,42.19720079315039
28109,109,42.168015200508826
13191,191,42.16237898227111
22013,13,42.138875016985914
45081,81,42.13301420167209
6001,1,42.10103239935387
18061,61,42.096587759243675
21081,81,42.06679471313253
37101,101,42.05774127398179
49045,45,41.986944288424574
47043,43,41.977592923248274
54071,71,41.899621652711694
48339,339,41.79439480467826
54095,95,41.7890467064695
12039,39,41.74733330252202
28037,37,41.69648890289784
37033,33,41.640386964932524
36119,119,41.62548941156334
12041,41,41.57278959742932
29099,99,41.50213171409721
47007,7,41.500499619031565
21079,79,41.49400128274522
47175,175,41.46501290701947
48455,455,41.44539731889528
47061,61,41.433063233566244
21153,153,41.41000464790091
13103,103,41.40209284470644
13221,221,41.37347112093226
28051,51,41.35828152383213
5025,25,41.34582280387455
6037,37,41.30402401012397
21223,223,41.2728200610697
12065,65,41.17643157779868
1021,21,41.12673877370622
12097,97,41.1133724188672
39117,117,41.086850650053904
27025,25,41.007029294425216
42089,89,40.996783805284394
48315,315,40.92992148484554
39001,1,40.91167411198896
13247,247,40.891416274074615
54005,5,40.8207539477061
39127,127,40.812817984603385
29113,113,40.76043262346498
28077,77,40.74385956006118
5053,53,40.725471994753306
41009,9,40.70075481857856
12133,133,40.68140746345857
45039,39,40.61260639009397
13231,231,40.59596970974017
12003,3,40.58862556510737
48055,55,40.56845664117274
6069,69,40.56515100449028
48367,367,40.553153497801084
21147,147,40.503894650466364
48473,473,40.41779284206204
48013,13,40.41600983185775
34013,13,40.34549175163698
27059,59,40.29248057489327
1007,7,40.28170107242728
54087,87,40.27142716261066
8065,65,40.26289535962167
1029,29,40.254872594103404
48251,251,40.19519097169876
24035,35,40.194597316116926
13151,151,40.139821119742884
5087,87,40.01778765603968
1115,115,40.01246697518101
28131,131,40.00242712852013
48497,497,39.98353154073343
12086,86,39.86970571698445
20107,107,39.84385697162048
29125,125,39.77459187797018
34041,41,39.753496433202294
13135,135,39.515097358757636
1107,107,39.510741588964216
28069,69,39.50734890248004
21027,27,39.5070367907863
12059,59,39.49717721427737
51127,127,39.458650270768075
51047,47,39.449603111879554
51043,43,39.42649834312386
13097,97,39.38440338214678
54089,89,39.305304191685195
34019,19,39.2841117703345
29059,59,39.16245915873868
28065,65,39.15125697110049
28039,39,39.124401382487946
54109,109,39.04436279757794
29177,177,38.95481803065635
36059,59,38.88151357816429
13199,199,38.86626721130447
51051,51,38.85903744819624
13085,85,38.80800533721875
24031,31,38.751112873472124
21135,135,38.678992380471286
1131,131,38.64610370384131
47169,169,38.578339964673
13141,141,38.462472612870094
51183,183,38.36020092906908
51683,683,38.10525036908305
47167,167,38.04879717211152
45053,53,38.03667369843643
51065,65,38.032142853954575
51125,125,37.99874878095942
11001,1,37.97684175694654
51063,63,37.85496423865248
47121,121,37.816757678017616
29221,221,37.77967687236661
12019,19,37.776941761282146
48185,185,37.766502311562824
28137,137,37.70747010941273
6013,13,37.689594289554044
25025,25,37.6844104498476
13297,297,37.65171842841163
8047,47,37.64099317925071
1129,129,37.58103075961133
47083,83,37.5155019536346
54017,17,37.51369114609865
48157,157,37.50995079429123
21237,237,37.41995166152889
13013,13,37.21719415612425
13029,29,37.21440714338775
13057,57,37.15538814342053
51137,137,37.12536597001968
13025,25,37.075304055759126
48397,397,37.060453477540314
51177,177,36.92033396500401
18119,119,36.814165871947175
12077,77,36.80974838804764
21127,127,36.74365922913111
48467,467,36.722061999813796
26087,87,36.70653243723763
48351,351,36.69183514494357
29025,25,36.50157933748693
22063,63,36.44822604947168
50013,13,36.425550389376795
16025,25,36.36844885512927
21131,131,36.35248243551352
18155,155,36.15731596785157
47129,129,36.12627566918402
51073,73,36.05285874783873
54047,47,36.04906014197186
21065,65,36.02045913697924
39015,15,35.98381341261606
37069,69,35.93754097995278
21215,215,35.698482719930766
24013,13,35.6298217814372
13079,79,35.55076601645593
39115,115,35.51671035876321
22037,37,35.48483296259554
54037,37,35.39912821755869
12129,129,35.27328948712361
13197,197,35.20788665053486
18013,13,35.12326717357087
28009,9,35.041968052977914
51179,179,34.9584976616829
17031,31,34.54552983175476
51193,193,34.50742063994802
48257,257,34.498064159009544
1023,23,34.34727535673785
39163,163,34.277762103399354
29017,17,34.22988567716477
54015,15,34.21601405101972
37053,53,34.20508235593175
21063,63,34.179109921860174
42101,101,33.910277274950055
21109,109,33.902791774039514
1009,9,33.87998206789751
47081,81,33.876306963469396
47021,21,33.8374692570429
54013,13,33.824004970616286
47173,173,33.729667829680615
42099,99,33.67257426621773
21187,187,33.61958662841484
13125,125,33.61673643579969
6075,75,33.56278874395595
45065,65,33.54786347387165
28157,157,33.41948701589719
5105,105,33.31614843846675
47015,15,33.29640067084576
51145,145,33.16604525576391
54063,63,33.15580614719166
48493,493,33.074984385118874
48379,379,33.044233469914126
13263,263,32.966089443984366
21023,23,32.94240838257377
47161,161,32.89545252435151
54065,65,32.40007881584042
34037,37,32.33230120768783
54043,43,32.303154517137386
28041,41,32.21276250996469
47047,47,32.166878313608436
51049,49,32.05100908952622
5101,101,31.95670911469887
22091,91,31.90917211420453
13159,159,31.88970645743801
51187,187,31.83243203918245
51033,33,31.650151748602422
51157,157,31.59089976545143
21181,181,31.553088084221383
51115,115,31.529821197475975
51061,61,31.432816424096277
51109,109,31.23230667538045
21201,201,31.17281999469158
54105,105,31.126262770117286
21165,165,31.028932594859366
51036,36,30.966972031248496
21061,61,30.88216713315277
35057,57,30.874620073722298
37073,73,30.72318790129087
51685,685,30.712444441290298
36079,79,30.61693027812008
48021,21,30.500373496835838
21191,191,30.489579111096514
24033,33,30.01152007732677
51045,45,29.730145527895026
51101,101,29.408435692377804
1085,85,29.15750266053312
48019,19,29.079931384833017
24009,9,29.0158783366393
48291,291,29.007846885570988
16015,15,28.692500458425137
51097,97,28.691639137837736
13149,149,28.02796320983305
48407,407,27.97392052021252
42103,103,27.679427426494012
51153,153,27.378462771885197
34017,17,27.116245216404895
54027,27,26.46398114399988
51029,29,26.38580522532225
18025,25,26.305391570050386
17013,13,25.955430888041818
13223,223,25.848721222861435
51181,181,25.10198418438099
35033,33,24.77129794427704
24017,17,24.0637580208502
36085,85,22.756936804705248
8093,93,19.53738334976527
8039,39,18.886395733540702
51007,7,18.74954716147287
36081,81,7.89703999203672
36047,47,1.8249497669027608
36005,5,1.1153365676539488
36061,61,0.0
